{
  "labels": [
    "Located_in",
    "Found_on",
    "Occurs_on",
    "Affects",
    "Causes",
    "Dispersed_by",
    "Transmits"
  ],
  "thresholds": {
    "Located_in": 0.695461630821228,
    "Found_on": 0.6411752700805664,
    "Occurs_on": 0.47999998927116394,
    "Affects": 0.3080967962741852,
    "Causes": 0.47999998927116394,
    "Dispersed_by": 0.47999998927116394,
    "Transmits": 0.5156373381614685
  }
}