{
  "Located_in": 0.48921018838882446,
  "Found_on": 0.75,
  "Occurs_on": 0.75,
  "Affects": 0.75,
  "Causes": 0.35,
  "Dispersed_by": 0.6008399724960327,
  "Transmits": 0.362337589263916
}