{
  "labels": [
    "Located_in",
    "Found_on",
    "Occurs_on",
    "Affects",
    "Causes",
    "Dispersed_by",
    "Transmits"
  ],
  "thresholds": {
    "Located_in": 0.2792324721813202,
    "Found_on": 0.4256874620914459,
    "Occurs_on": 0.33000001311302185,
    "Affects": 0.47999998927116394,
    "Causes": 0.47999998927116394,
    "Dispersed_by": 0.47999998927116394,
    "Transmits": 0.6299999952316284
  }
}