{
  "labels": [
    "Located_in",
    "Found_on",
    "Occurs_on",
    "Affects",
    "Causes",
    "Dispersed_by",
    "Transmits"
  ],
  "thresholds": {
    "Located_in": 0.6760467290878296,
    "Found_on": 0.7008668184280396,
    "Occurs_on": 0.35,
    "Affects": 0.47999998927116394,
    "Causes": 0.6299999952316284,
    "Dispersed_by": 0.47999998927116394,
    "Transmits": 0.35
  }
}