{
  "labels": [
    "Located_in",
    "Found_on",
    "Occurs_on",
    "Affects",
    "Causes",
    "Dispersed_by",
    "Transmits"
  ],
  "thresholds": {
    "Located_in": 0.5261884331703186,
    "Found_on": 0.949999988079071,
    "Occurs_on": 0.949999988079071,
    "Affects": 0.47999998927116394,
    "Causes": 0.47999998927116394,
    "Dispersed_by": 0.47999998927116394,
    "Transmits": 0.949999988079071
  }
}