{
  "labels": [
    "Located_in",
    "Found_on",
    "Occurs_on",
    "Affects",
    "Causes",
    "Dispersed_by",
    "Transmits"
  ],
  "thresholds": {
    "Located_in": 0.2478148490190506,
    "Found_on": 0.8056421279907227,
    "Occurs_on": 0.6299999952316284,
    "Affects": 0.10474875569343567,
    "Causes": 0.47999998927116394,
    "Dispersed_by": 0.6299999952316284,
    "Transmits": 0.5921040773391724
  }
}