{
  "labels": [
    "Located_in",
    "Found_on",
    "Occurs_on",
    "Affects",
    "Causes",
    "Dispersed_by",
    "Transmits"
  ],
  "thresholds": {
    "Located_in": 0.9009983539581299,
    "Found_on": 0.8996493816375732,
    "Occurs_on": 0.949999988079071,
    "Affects": 0.42401501536369324,
    "Causes": 0.9359830021858215,
    "Dispersed_by": 0.6299999952316284,
    "Transmits": 0.6299999952316284
  }
}