{
  "labels": [
    "Located_in",
    "Found_on",
    "Occurs_on",
    "Affects",
    "Causes",
    "Dispersed_by",
    "Transmits"
  ],
  "thresholds": {
    "Located_in": 0.6449047923088074,
    "Found_on": 0.41941335797309875,
    "Occurs_on": 0.41282057762145996,
    "Affects": 0.75,
    "Causes": 0.382726788520813,
    "Dispersed_by": 0.47999998927116394,
    "Transmits": 0.47999998927116394
  }
}