{
  "labels": [
    "Located_in",
    "Found_on",
    "Occurs_on",
    "Affects",
    "Causes",
    "Dispersed_by",
    "Transmits"
  ],
  "thresholds": {
    "Located_in": 0.8791306018829346,
    "Found_on": 0.9398411512374878,
    "Occurs_on": 0.33000001311302185,
    "Affects": 0.5516695976257324,
    "Causes": 0.949999988079071,
    "Dispersed_by": 0.6299999952316284,
    "Transmits": 0.33479732275009155
  }
}