{
  "labels": [
    "Located_in",
    "Found_on",
    "Occurs_on",
    "Affects",
    "Causes",
    "Dispersed_by",
    "Transmits"
  ],
  "thresholds": {
    "Located_in": 0.8715964555740356,
    "Found_on": 0.8582159280776978,
    "Occurs_on": 0.47999998927116394,
    "Affects": 0.949999988079071,
    "Causes": 0.949999988079071,
    "Dispersed_by": 0.3425326347351074,
    "Transmits": 0.6299999952316284
  }
}