{
  "labels": [
    "Located_in",
    "Found_on",
    "Occurs_on",
    "Affects",
    "Causes",
    "Dispersed_by",
    "Transmits"
  ],
  "thresholds": {
    "Located_in": 0.6182401180267334,
    "Found_on": 0.7365900874137878,
    "Occurs_on": 0.6299999952316284,
    "Affects": 0.7098013162612915,
    "Causes": 0.949999988079071,
    "Dispersed_by": 0.47999998927116394,
    "Transmits": 0.47999998927116394
  }
}