{
  "labels": [
    "Located_in",
    "Found_on",
    "Occurs_on",
    "Affects",
    "Causes",
    "Dispersed_by",
    "Transmits"
  ],
  "thresholds": {
    "Located_in": 0.9425165057182312,
    "Found_on": 0.949999988079071,
    "Occurs_on": 0.1138833612203598,
    "Affects": 0.949999988079071,
    "Causes": 0.949999988079071,
    "Dispersed_by": 0.5041972398757935,
    "Transmits": 0.6299999952316284
  }
}