{
  "labels": [
    "Located_in",
    "Found_on",
    "Occurs_on",
    "Affects",
    "Causes",
    "Dispersed_by",
    "Transmits"
  ],
  "thresholds": {
    "Located_in": 0.44846558570861816,
    "Found_on": 0.35,
    "Occurs_on": 0.6584262847900391,
    "Affects": 0.75,
    "Causes": 0.75,
    "Dispersed_by": 0.47999998927116394,
    "Transmits": 0.6021133065223694
  }
}