{
  "labels": [
    "Located_in",
    "Found_on",
    "Occurs_on",
    "Affects",
    "Causes",
    "Dispersed_by",
    "Transmits"
  ],
  "thresholds": {
    "Located_in": 0.6638880372047424,
    "Found_on": 0.949999988079071,
    "Occurs_on": 0.6299999952316284,
    "Affects": 0.6818121075630188,
    "Causes": 0.47999998927116394,
    "Dispersed_by": 0.47999998927116394,
    "Transmits": 0.33000001311302185
  }
}