{
  "labels": [
    "Located_in",
    "Found_on",
    "Occurs_on",
    "Affects",
    "Causes",
    "Dispersed_by",
    "Transmits"
  ],
  "thresholds": {
    "Located_in": 0.5001702904701233,
    "Found_on": 0.5199999809265137,
    "Occurs_on": 0.35,
    "Affects": 0.75,
    "Causes": 0.4560334086418152,
    "Dispersed_by": 0.47999998927116394,
    "Transmits": 0.6299999952316284
  }
}