{
  "labels": [
    "Located_in",
    "Found_on",
    "Occurs_on",
    "Affects",
    "Causes",
    "Dispersed_by",
    "Transmits"
  ],
  "thresholds": {
    "Located_in": 0.28046339750289917,
    "Found_on": 0.949999988079071,
    "Occurs_on": 0.6299999952316284,
    "Affects": 0.33000001311302185,
    "Causes": 0.05000000074505806,
    "Dispersed_by": 0.6299999952316284,
    "Transmits": 0.6299999952316284
  }
}