{
  "labels": [
    "Located_in",
    "Found_on",
    "Occurs_on",
    "Affects",
    "Causes",
    "Dispersed_by",
    "Transmits"
  ],
  "thresholds": {
    "Located_in": 0.19887807965278625,
    "Found_on": 0.9468148350715637,
    "Occurs_on": 0.47999998927116394,
    "Affects": 0.25773561000823975,
    "Causes": 0.8096147775650024,
    "Dispersed_by": 0.47999998927116394,
    "Transmits": 0.47999998927116394
  }
}