{
  "seeds": [
    42,
    13,
    1337,
    7,
    2025
  ],
  "label_set": [
    "Located_in",
    "Found_on",
    "Occurs_on",
    "Affects",
    "Causes",
    "Dispersed_by",
    "Transmits"
  ],
  "min_seed_count": 4,
  "per_seed_metrics": {},
  "ensemble_dev_metrics": {
    "micro": {
      "precision": 0.27429805615550756,
      "recall": 0.19389312977099238,
      "f1": 0.22719141323792488
    },
    "macro": {
      "precision": 0.24253038247736147,
      "recall": 0.15623531987269026,
      "f1": 0.18440523812328946
    },
    "per_relation": {
      "Located_in": {
        "precision": 0.24302788844621515,
        "recall": 0.16180371352785147,
        "f1": 0.1942675159235669,
        "tp": 61,
        "fp": 190,
        "fn": 316
      },
      "Found_on": {
        "precision": 0.3684210526315789,
        "recall": 0.330188679245283,
        "f1": 0.34825870646766166,
        "tp": 35,
        "fp": 60,
        "fn": 71
      },
      "Occurs_on": {
        "precision": 0.3076923076923077,
        "recall": 0.2127659574468085,
        "f1": 0.25157232704402516,
        "tp": 20,
        "fp": 45,
        "fn": 74
      },
      "Affects": {
        "precision": 0.17857142857142858,
        "recall": 0.16666666666666666,
        "f1": 0.17241379310344826,
        "tp": 5,
        "fp": 23,
        "fn": 25
      },
      "Causes": {
        "precision": 0.6,
        "recall": 0.2222222222222222,
        "f1": 0.32432432432432434,
        "tp": 6,
        "fp": 4,
        "fn": 21
      },
      "Dispersed_by": {
        "precision": 0.0,
        "recall": 0.0,
        "f1": 0.0,
        "tp": 0,
        "fp": 7,
        "fn": 16
      },
      "Transmits": {
        "precision": 0.0,
        "recall": 0.0,
        "f1": 0.0,
        "tp": 0,
        "fp": 7,
        "fn": 5
      }
    }
  },
  "ensemble_thresholds": {
    "Located_in": 0.55,
    "Found_on": 0.6,
    "Occurs_on": 0.425,
    "Affects": 0.7,
    "Causes": 0.725,
    "Dispersed_by": 0.35,
    "Transmits": 0.35
  },
  "threshold_diagnostics": {
    "Located_in": {
      "strategy": "grid_search",
      "support": 377,
      "best_f1": 0.1942675159235669,
      "threshold": 0.55
    },
    "Found_on": {
      "strategy": "grid_search",
      "support": 106,
      "best_f1": 0.34825870646766166,
      "threshold": 0.6
    },
    "Occurs_on": {
      "strategy": "grid_search",
      "support": 94,
      "best_f1": 0.25157232704402516,
      "threshold": 0.425
    },
    "Affects": {
      "strategy": "grid_search",
      "support": 30,
      "best_f1": 0.17241379310344826,
      "threshold": 0.7
    },
    "Causes": {
      "strategy": "grid_search",
      "support": 27,
      "best_f1": 0.32432432432432434,
      "threshold": 0.725
    },
    "Dispersed_by": {
      "strategy": "grid_search",
      "support": 16,
      "best_f1": 0.0,
      "threshold": 0.35
    },
    "Transmits": {
      "strategy": "grid_search",
      "support": 5,
      "best_f1": 0.0,
      "threshold": 0.35
    }
  },
  "submission_path": "submission_v21d_5seed_minseed4.csv",
  "ensemble_dev_record_count": 1921,
  "ensemble_test_record_count": 3321,
  "dev_aggregation_stats": {
    "total_keys": 7501,
    "kept": 1921,
    "dropped": 5580,
    "min_seed_count": 4,
    "in_1_seeds": 3325,
    "in_2_seeds": 1272,
    "in_3_seeds": 983,
    "in_4_seeds": 719,
    "in_5_seeds": 1202
  },
  "test_aggregation_stats": {
    "total_keys": 12393,
    "kept": 3321,
    "dropped": 9072,
    "min_seed_count": 4,
    "in_1_seeds": 5923,
    "in_2_seeds": 1961,
    "in_3_seeds": 1188,
    "in_4_seeds": 1181,
    "in_5_seeds": 2140
  }
}