{
  "seeds": [
    42,
    13,
    1337,
    7,
    2025
  ],
  "label_set": [
    "Located_in",
    "Found_on",
    "Occurs_on",
    "Affects",
    "Causes",
    "Dispersed_by",
    "Transmits"
  ],
  "min_seed_count": 5,
  "per_seed_metrics": {},
  "ensemble_dev_metrics": {
    "micro": {
      "precision": 0.30548302872062666,
      "recall": 0.17862595419847327,
      "f1": 0.2254335260115607
    },
    "macro": {
      "precision": 0.27816874738962866,
      "recall": 0.13751501785527728,
      "f1": 0.18022801792540413
    },
    "per_relation": {
      "Located_in": {
        "precision": 0.256198347107438,
        "recall": 0.16445623342175067,
        "f1": 0.20032310177705975,
        "tp": 62,
        "fp": 180,
        "fn": 315
      },
      "Found_on": {
        "precision": 0.44776119402985076,
        "recall": 0.2830188679245283,
        "f1": 0.3468208092485549,
        "tp": 30,
        "fp": 37,
        "fn": 76
      },
      "Occurs_on": {
        "precision": 0.39473684210526316,
        "recall": 0.1595744680851064,
        "f1": 0.22727272727272724,
        "tp": 15,
        "fp": 23,
        "fn": 79
      },
      "Affects": {
        "precision": 0.18181818181818182,
        "recall": 0.13333333333333333,
        "f1": 0.15384615384615383,
        "tp": 4,
        "fp": 18,
        "fn": 26
      },
      "Causes": {
        "precision": 0.6666666666666666,
        "recall": 0.2222222222222222,
        "f1": 0.3333333333333333,
        "tp": 6,
        "fp": 3,
        "fn": 21
      },
      "Dispersed_by": {
        "precision": 0.0,
        "recall": 0.0,
        "f1": 0.0,
        "tp": 0,
        "fp": 2,
        "fn": 16
      },
      "Transmits": {
        "precision": 0.0,
        "recall": 0.0,
        "f1": 0.0,
        "tp": 0,
        "fp": 3,
        "fn": 5
      }
    }
  },
  "ensemble_thresholds": {
    "Located_in": 0.5,
    "Found_on": 0.6,
    "Occurs_on": 0.45,
    "Affects": 0.725,
    "Causes": 0.725,
    "Dispersed_by": 0.35,
    "Transmits": 0.35
  },
  "threshold_diagnostics": {
    "Located_in": {
      "strategy": "grid_search",
      "support": 377,
      "best_f1": 0.20032310177705975,
      "threshold": 0.5
    },
    "Found_on": {
      "strategy": "grid_search",
      "support": 106,
      "best_f1": 0.3468208092485549,
      "threshold": 0.6
    },
    "Occurs_on": {
      "strategy": "grid_search",
      "support": 94,
      "best_f1": 0.22727272727272724,
      "threshold": 0.45
    },
    "Affects": {
      "strategy": "grid_search",
      "support": 30,
      "best_f1": 0.15384615384615383,
      "threshold": 0.725
    },
    "Causes": {
      "strategy": "grid_search",
      "support": 27,
      "best_f1": 0.3333333333333333,
      "threshold": 0.725
    },
    "Dispersed_by": {
      "strategy": "grid_search",
      "support": 16,
      "best_f1": 0.0,
      "threshold": 0.35
    },
    "Transmits": {
      "strategy": "grid_search",
      "support": 5,
      "best_f1": 0.0,
      "threshold": 0.35
    }
  },
  "submission_path": "submission_v21d_5seed_minseed5.csv",
  "ensemble_dev_record_count": 1202,
  "ensemble_test_record_count": 2140,
  "dev_aggregation_stats": {
    "total_keys": 7501,
    "kept": 1202,
    "dropped": 6299,
    "min_seed_count": 5,
    "in_1_seeds": 3325,
    "in_2_seeds": 1272,
    "in_3_seeds": 983,
    "in_4_seeds": 719,
    "in_5_seeds": 1202
  },
  "test_aggregation_stats": {
    "total_keys": 12393,
    "kept": 2140,
    "dropped": 10253,
    "min_seed_count": 5,
    "in_1_seeds": 5923,
    "in_2_seeds": 1961,
    "in_3_seeds": 1188,
    "in_4_seeds": 1181,
    "in_5_seeds": 2140
  }
}