{
  "seeds": [
    13,
    42,
    1337,
    7,
    2025
  ],
  "label_set": [
    "Located_in",
    "Found_on",
    "Occurs_on",
    "Affects",
    "Causes",
    "Dispersed_by",
    "Transmits"
  ],
  "min_seed_count": 4,
  "per_seed_metrics": {},
  "ensemble_dev_metrics": {
    "micro": {
      "precision": 0.30526315789473685,
      "recall": 0.17709923664122137,
      "f1": 0.22415458937198068
    },
    "macro": {
      "precision": 0.24051026501396436,
      "recall": 0.19270917730112208,
      "f1": 0.19958221973559268
    },
    "per_relation": {
      "Located_in": {
        "precision": 0.3287671232876712,
        "recall": 0.1273209549071618,
        "f1": 0.1835564053537285,
        "tp": 48,
        "fp": 98,
        "fn": 329
      },
      "Found_on": {
        "precision": 0.30578512396694213,
        "recall": 0.3490566037735849,
        "f1": 0.3259911894273128,
        "tp": 37,
        "fp": 84,
        "fn": 69
      },
      "Occurs_on": {
        "precision": 0.29411764705882354,
        "recall": 0.10638297872340426,
        "f1": 0.15625,
        "tp": 10,
        "fp": 24,
        "fn": 84
      },
      "Affects": {
        "precision": 0.29411764705882354,
        "recall": 0.3333333333333333,
        "f1": 0.3125,
        "tp": 10,
        "fp": 24,
        "fn": 20
      },
      "Causes": {
        "precision": 0.29411764705882354,
        "recall": 0.37037037037037035,
        "f1": 0.3278688524590164,
        "tp": 10,
        "fp": 24,
        "fn": 17
      },
      "Dispersed_by": {
        "precision": 0.16666666666666666,
        "recall": 0.0625,
        "f1": 0.09090909090909091,
        "tp": 1,
        "fp": 5,
        "fn": 15
      },
      "Transmits": {
        "precision": 0.0,
        "recall": 0.0,
        "f1": 0.0,
        "tp": 0,
        "fp": 5,
        "fn": 5
      }
    }
  },
  "ensemble_thresholds": {
    "Located_in": 0.55,
    "Found_on": 0.52,
    "Occurs_on": 0.48,
    "Affects": 0.48,
    "Causes": 0.48,
    "Dispersed_by": 0.48,
    "Transmits": 0.48
  },
  "threshold_diagnostics": {
    "Located_in": {
      "strategy": "v14_hardcoded",
      "shift": 0.0
    },
    "Found_on": {
      "strategy": "v14_hardcoded",
      "shift": 0.0
    },
    "Occurs_on": {
      "strategy": "v14_hardcoded",
      "shift": 0.0
    },
    "Affects": {
      "strategy": "v14_hardcoded",
      "shift": 0.0
    },
    "Causes": {
      "strategy": "v14_hardcoded",
      "shift": 0.0
    },
    "Dispersed_by": {
      "strategy": "v14_hardcoded",
      "shift": 0.0
    },
    "Transmits": {
      "strategy": "v14_hardcoded",
      "shift": 0.0
    }
  },
  "submission_path": "/tmp/submission_v14_5seed_norecal_k4_shift0.00_verify.csv",
  "ensemble_dev_record_count": 1033,
  "ensemble_test_record_count": 2252,
  "dev_aggregation_stats": {
    "total_keys": 3191,
    "kept": 1033,
    "dropped": 2158,
    "min_seed_count": 4,
    "in_1_seeds": 1540,
    "in_2_seeds": 480,
    "in_3_seeds": 138,
    "in_4_seeds": 97,
    "in_5_seeds": 936
  },
  "test_aggregation_stats": {
    "total_keys": 6572,
    "kept": 2252,
    "dropped": 4320,
    "min_seed_count": 4,
    "in_1_seeds": 3062,
    "in_2_seeds": 921,
    "in_3_seeds": 337,
    "in_4_seeds": 208,
    "in_5_seeds": 2044
  }
}