{
  "seeds": [
    13,
    42,
    1337,
    7,
    2025
  ],
  "label_set": [
    "Located_in",
    "Found_on",
    "Occurs_on",
    "Affects",
    "Causes",
    "Dispersed_by",
    "Transmits"
  ],
  "min_seed_count": 5,
  "per_seed_metrics": {},
  "ensemble_dev_metrics": {
    "micro": {
      "precision": 0.25646551724137934,
      "recall": 0.18167938931297709,
      "f1": 0.21268990169794458
    },
    "macro": {
      "precision": 0.1999313207220901,
      "recall": 0.17472677656010066,
      "f1": 0.17663810451099704
    },
    "per_relation": {
      "Located_in": {
        "precision": 0.2682926829268293,
        "recall": 0.14588859416445624,
        "f1": 0.18900343642611686,
        "tp": 55,
        "fp": 150,
        "fn": 322
      },
      "Found_on": {
        "precision": 0.27611940298507465,
        "recall": 0.3490566037735849,
        "f1": 0.3083333333333333,
        "tp": 37,
        "fp": 97,
        "fn": 69
      },
      "Occurs_on": {
        "precision": 0.23255813953488372,
        "recall": 0.10638297872340426,
        "f1": 0.145985401459854,
        "tp": 10,
        "fp": 33,
        "fn": 84
      },
      "Affects": {
        "precision": 0.25,
        "recall": 0.3,
        "f1": 0.2727272727272727,
        "tp": 9,
        "fp": 27,
        "fn": 21
      },
      "Causes": {
        "precision": 0.20588235294117646,
        "recall": 0.25925925925925924,
        "f1": 0.22950819672131148,
        "tp": 7,
        "fp": 27,
        "fn": 20
      },
      "Dispersed_by": {
        "precision": 0.16666666666666666,
        "recall": 0.0625,
        "f1": 0.09090909090909091,
        "tp": 1,
        "fp": 5,
        "fn": 15
      },
      "Transmits": {
        "precision": 0.0,
        "recall": 0.0,
        "f1": 0.0,
        "tp": 0,
        "fp": 6,
        "fn": 5
      }
    }
  },
  "ensemble_thresholds": {
    "Located_in": 0.45000000000000007,
    "Found_on": 0.42000000000000004,
    "Occurs_on": 0.38,
    "Affects": 0.38,
    "Causes": 0.38,
    "Dispersed_by": 0.38,
    "Transmits": 0.38
  },
  "threshold_diagnostics": {
    "Located_in": {
      "strategy": "v14_hardcoded",
      "shift": -0.1
    },
    "Found_on": {
      "strategy": "v14_hardcoded",
      "shift": -0.1
    },
    "Occurs_on": {
      "strategy": "v14_hardcoded",
      "shift": -0.1
    },
    "Affects": {
      "strategy": "v14_hardcoded",
      "shift": -0.1
    },
    "Causes": {
      "strategy": "v14_hardcoded",
      "shift": -0.1
    },
    "Dispersed_by": {
      "strategy": "v14_hardcoded",
      "shift": -0.1
    },
    "Transmits": {
      "strategy": "v14_hardcoded",
      "shift": -0.1
    }
  },
  "submission_path": "submission_v14_5seed_norecal_k5_shift-0.10.csv",
  "ensemble_dev_record_count": 936,
  "ensemble_test_record_count": 2044,
  "dev_aggregation_stats": {
    "total_keys": 3191,
    "kept": 936,
    "dropped": 2255,
    "min_seed_count": 5,
    "in_1_seeds": 1540,
    "in_2_seeds": 480,
    "in_3_seeds": 138,
    "in_4_seeds": 97,
    "in_5_seeds": 936
  },
  "test_aggregation_stats": {
    "total_keys": 6572,
    "kept": 2044,
    "dropped": 4528,
    "min_seed_count": 5,
    "in_1_seeds": 3062,
    "in_2_seeds": 921,
    "in_3_seeds": 337,
    "in_4_seeds": 208,
    "in_5_seeds": 2044
  }
}