{
  "seeds": [
    42,
    13,
    1337,
    7,
    2025
  ],
  "label_set": [
    "Located_in",
    "Found_on",
    "Occurs_on",
    "Affects",
    "Causes",
    "Dispersed_by",
    "Transmits"
  ],
  "per_seed_metrics": {
    "42": {
      "dev": {
        "micro": {
          "precision": 0.20901639344262296,
          "recall": 0.15572519083969466,
          "f1": 0.17847769028871394
        },
        "macro": {
          "precision": 0.1591697510379056,
          "recall": 0.12427198893096815,
          "f1": 0.13174646572139964
        },
        "per_relation": {
          "Located_in": {
            "precision": 0.21285140562248997,
            "recall": 0.14058355437665782,
            "f1": 0.16932907348242812,
            "tp": 53,
            "fp": 196,
            "fn": 324
          },
          "Found_on": {
            "precision": 0.2545454545454545,
            "recall": 0.2641509433962264,
            "f1": 0.25925925925925924,
            "tp": 28,
            "fp": 82,
            "fn": 78
          },
          "Occurs_on": {
            "precision": 0.2558139534883721,
            "recall": 0.11702127659574468,
            "f1": 0.16058394160583941,
            "tp": 11,
            "fp": 32,
            "fn": 83
          },
          "Affects": {
            "precision": 0.10526315789473684,
            "recall": 0.2,
            "f1": 0.13793103448275862,
            "tp": 6,
            "fp": 51,
            "fn": 24
          },
          "Causes": {
            "precision": 0.2857142857142857,
            "recall": 0.14814814814814814,
            "f1": 0.1951219512195122,
            "tp": 4,
            "fp": 10,
            "fn": 23
          },
          "Dispersed_by": {
            "precision": 0.0,
            "recall": 0.0,
            "f1": 0.0,
            "tp": 0,
            "fp": 5,
            "fn": 16
          },
          "Transmits": {
            "precision": 0.0,
            "recall": 0.0,
            "f1": 0.0,
            "tp": 0,
            "fp": 10,
            "fn": 5
          }
        }
      }
    },
    "13": {
      "dev": {
        "micro": {
          "precision": 0.17664233576642335,
          "recall": 0.18473282442748093,
          "f1": 0.18059701492537314
        },
        "macro": {
          "precision": 0.14658365476835084,
          "recall": 0.17840783597507803,
          "f1": 0.14563446203208866
        },
        "per_relation": {
          "Located_in": {
            "precision": 0.16022099447513813,
            "recall": 0.15384615384615385,
            "f1": 0.15696887686062247,
            "tp": 58,
            "fp": 304,
            "fn": 319
          },
          "Found_on": {
            "precision": 0.2894736842105263,
            "recall": 0.3113207547169811,
            "f1": 0.3,
            "tp": 33,
            "fp": 81,
            "fn": 73
          },
          "Occurs_on": {
            "precision": 0.28205128205128205,
            "recall": 0.11702127659574468,
            "f1": 0.16541353383458648,
            "tp": 11,
            "fp": 28,
            "fn": 83
          },
          "Affects": {
            "precision": 0.09433962264150944,
            "recall": 0.3333333333333333,
            "f1": 0.14705882352941177,
            "tp": 10,
            "fp": 96,
            "fn": 20
          },
          "Causes": {
            "precision": 0.2,
            "recall": 0.3333333333333333,
            "f1": 0.25,
            "tp": 9,
            "fp": 36,
            "fn": 18
          },
          "Dispersed_by": {
            "precision": 0.0,
            "recall": 0.0,
            "f1": 0.0,
            "tp": 0,
            "fp": 8,
            "fn": 16
          },
          "Transmits": {
            "precision": 0.0,
            "recall": 0.0,
            "f1": 0.0,
            "tp": 0,
            "fp": 11,
            "fn": 5
          }
        }
      }
    },
    "1337": {
      "dev": {
        "micro": {
          "precision": 0.19324577861163228,
          "recall": 0.15725190839694655,
          "f1": 0.1734006734006734
        },
        "macro": {
          "precision": 0.14091842408216354,
          "recall": 0.15290967542659842,
          "f1": 0.1400969806745698
        },
        "per_relation": {
          "Located_in": {
            "precision": 0.1917808219178082,
            "recall": 0.11140583554376658,
            "f1": 0.14093959731543623,
            "tp": 42,
            "fp": 177,
            "fn": 335
          },
          "Found_on": {
            "precision": 0.2605042016806723,
            "recall": 0.29245283018867924,
            "f1": 0.27555555555555555,
            "tp": 31,
            "fp": 88,
            "fn": 75
          },
          "Occurs_on": {
            "precision": 0.2318840579710145,
            "recall": 0.1702127659574468,
            "f1": 0.19631901840490795,
            "tp": 16,
            "fp": 53,
            "fn": 78
          },
          "Affects": {
            "precision": 0.16666666666666666,
            "recall": 0.2,
            "f1": 0.1818181818181818,
            "tp": 6,
            "fp": 30,
            "fn": 24
          },
          "Causes": {
            "precision": 0.13559322033898305,
            "recall": 0.2962962962962963,
            "f1": 0.18604651162790697,
            "tp": 8,
            "fp": 51,
            "fn": 19
          },
          "Dispersed_by": {
            "precision": 0.0,
            "recall": 0.0,
            "f1": 0.0,
            "tp": 0,
            "fp": 7,
            "fn": 16
          },
          "Transmits": {
            "precision": 0.0,
            "recall": 0.0,
            "f1": 0.0,
            "tp": 0,
            "fp": 24,
            "fn": 5
          }
        }
      }
    },
    "7": {
      "dev": {
        "micro": {
          "precision": 0.15796703296703296,
          "recall": 0.17557251908396945,
          "f1": 0.16630513376717282
        },
        "macro": {
          "precision": 0.11707904062331068,
          "recall": 0.16736362451004125,
          "f1": 0.131038699819912
        },
        "per_relation": {
          "Located_in": {
            "precision": 0.16887417218543047,
            "recall": 0.13527851458885942,
            "f1": 0.15022091310751107,
            "tp": 51,
            "fp": 251,
            "fn": 326
          },
          "Found_on": {
            "precision": 0.2246376811594203,
            "recall": 0.29245283018867924,
            "f1": 0.25409836065573776,
            "tp": 31,
            "fp": 107,
            "fn": 75
          },
          "Occurs_on": {
            "precision": 0.17525773195876287,
            "recall": 0.18085106382978725,
            "f1": 0.17801047120418845,
            "tp": 17,
            "fp": 80,
            "fn": 77
          },
          "Affects": {
            "precision": 0.06896551724137931,
            "recall": 0.26666666666666666,
            "f1": 0.10958904109589042,
            "tp": 8,
            "fp": 108,
            "fn": 22
          },
          "Causes": {
            "precision": 0.18181818181818182,
            "recall": 0.2962962962962963,
            "f1": 0.22535211267605634,
            "tp": 8,
            "fp": 36,
            "fn": 19
          },
          "Dispersed_by": {
            "precision": 0.0,
            "recall": 0.0,
            "f1": 0.0,
            "tp": 0,
            "fp": 15,
            "fn": 16
          },
          "Transmits": {
            "precision": 0.0,
            "recall": 0.0,
            "f1": 0.0,
            "tp": 0,
            "fp": 16,
            "fn": 5
          }
        }
      }
    },
    "2025": {
      "dev": {
        "micro": {
          "precision": 0.13090128755364808,
          "recall": 0.18625954198473282,
          "f1": 0.15374921235034658
        },
        "macro": {
          "precision": 0.10553892714347042,
          "recall": 0.17729929270925132,